ID,Compound,Radical1,Radical2
2,CC,C[C]([H])[H],[H]
3,CCC,C[C]([H])C,[H]
5,CC(C)C,C[C](C)C,[H]
6,CC(C)C,CC(C)[C]([H])[H],[H]
7,CCCC,C[C]([H])CC,[H]
8,CCCC,CCC[C]([H])[H],[H]
9,CC(C)(C)C,CC(C)(C)[C]([H])[H],[H]
10,CCCCC,CC[C]([H])CC,[H]
11,CCCCC,C[C]([H])CCC,[H]
13,CCC(C)C,CC[C](C)C,[H]
14,CC(C(C)C)C,C[C](C(C)C)C,[H]
15,CCC(C)CC,CC[C](C)CC,[H]
16,CCC(C)(C)C,C[C]([H])C(C)(C)C,[H]
17,CC(C)CCC,C[C](C)CCC,[H]
18,CCCCCC,[H][C](CC)CCC,[H]
19,CCCCCC,CCCC[C]([H])C,[H]
20,CCCCCC,CCCCC[C]([H])[H],[H]
21,CCCC(C)CC,CCC[C](C)CC,[H]
22,CC(CC(C)C)C,[H][C](C(C)C)C(C)C,[H]
24,CCCCCCC,CC[C]([H])CCCC,[H]
25,CCCCCCC,C[C]([H])CCCCC,[H]
26,CC(C)C(C)(C)C,C[C](C)C(C)(C)C,[H]
27,CC(C(CCC)C)C,C[C](C(CCC)C)C,[H]
28,CCCCCCCC,CCCC[C]([H])CCC,[H]
29,CCCCCCCC,CCCCC[C]([H])CC,[H]
30,CC(C)CC(C)(C)C,C[C](C)CC(C)(C)C,[H]
31,CC(C)CCC(C)C,C[C](C)CCC(C)C,[H]
32,CC(CC)CCCCC,C[C](CC)CCCCC,[H]
33,CC(C)CCC(C)(C)C,C[C](C)CCC(C)(C)C,[H]
36,C=C=C,C=C=[C][H],[H]
37,C#CC,[C]#CC,[H]
38,C#CC,C#C[C]([H])[H],[H]
39,C=CC,C=C[C]([H])[H],[H]
41,C#CC#C,C#CC#[C],[H]
42,CC#CC,CC#C[C]([H])[H],[H]
43,C=CC=C,C=C[C]=C,[H]
44,C=CC=C,C=C/C=[C]/[H],[H]
45,C#CCC,C#C[C]([H])C,[H]
46,C=C=CC,C=C=C[C]([H])[H],[H]
47,C=CCC,C=C[C]([H])C,[H]
48,C=CCC,C=CC[C]([H])[H],[H]
49,CC(C)=C,C=C([C]([H])[H])C,[H]
50,C/C=C/C,C/C=C/[C]([H])[H],[H]
52,CC=C=CC,CC=C=C[C]([H])[H],[H]
53,C=CCC=C,C=C[C]([H])C=C,[H]
54,C=C/C=C/C,C=C/C=C/[C]([H])[H],[H]
55,C#CC(C)C,C#C[C](C)C,[H]
56,C#CCCC,C#C[C]([H])CC,[H]
57,CCC#CC,C[C]([H])C#CC,[H]
58,C=CC(C)C,C=CC(C([H])[H])C,[H]
59,C=CC(C)C,C=C[C](C)C,[H]
62,C=C(C)CC,C=C([C]([H])[H])CC,[H]
63,C/C=C(C)\C,C/C=C([C]([H])[H])\C,[H]
64,C#CC#CC#C,C#CC#CC#[C],[H]
65,C=CC(C)C=C,C=C[C](C)C=C,[H]
67,CC(C(C)=C)=C,CC(C([C]([H])[H])=C)=C,[H]
68,C#CC(OC)=O,[C]#CC(OC)=O,[H]
69,C=C(C(C)C)C,C=C([C](C)C)C,[H]
70,C/C=C\C(C)C,C/C=C\[C](C)C,[H]
71,C/C(C)=C\CC,C/C(C)=C\[CH]C,[H]
72,C=CCCCC,C=C[C]([H])CCC,[H]
76,CCCC/C=C/C=C,CCC[C]([H])/C=C/C=C,[H]
80,C=CCCCCCC=C,C=CCCCC[C]([H])C=C,[H]
81,CCCCCC/C=C/C,CCCCC[C]([H])/C=C/C,[H]
82,CCCCC#CCCCC,[H][C](CCC)C#CCCCC,[H]
83,C/C=C/CCCC/C=C/C,C/C=C/[C]([H])CCC/C=C/C,[H]
84,C/C=C/CCCC/C=C/CC,C/C=C/[C]([H])CCC/C=C/CC,[H]
86,C1=CC1,[H][C]1C=C1,[H]
87,C1=CC1,[C]1=CC1,[H]
88,C1CC1,C1C[CH]1,[H]
89,C1=CCC1,C1=[C]CC1,[H]
90,C1=CCC1,C1=C[CH]C1,[H]
91,C12CC1C2,C12C[C]1C2,[H]
92,CC1CC1,[CH2]C1CC1,[H]
93,C1CCC1,C1CC[CH]1,[H]
94,CC1(C)C=C1,CC1(C)C=[C]1,[H]
95,C1C=CCC1,C1C=C[CH]C1,[H]
96,C1CC12CC2,C1CC12C[CH]2,[H]
99,C1=CC=CCC1,C1=CC=C[CH]C1,[H]
100,CC1=CC=CC1,[CH2]C1=CC=CC1,[H]
101,C=C(C1)CC1=C,C=C([CH]1)CC1=C,[H]
102,C1=CCC=CC1,C1=C[CH]C=CC1,[H]
103,C1=CCCCC1,C1=C[CH]CCC1,[H]
104,C1CCCCC1,C1CCC[CH]C1,[H]
105,CC1CCCC1,C[C]1CCCC1,[H]
107,C12C3C1C4C(C3)C24,C12C3C1C4[C](C3)C24,[H]
108,C12C3C1C4C(C3)C24,C12C3C1C4C(C3)[C]24,[H]
109,C1=CC=CCCC1,C1=CC=C[CH]CC1,[H]
110,C12CCC(C2)CC1,C12CCC(C2)C[CH]1,[H]
111,C12CCC(C2)CC1,[C]12CCC(C2)CC1,[H]
112,CC1CCCC=C1,C[C]1CCCC=C1,[H]
113,CC1=CCCCC1,CC1=C[CH]CCC1,[H]
114,C1CC=CCCC1,C1CC=C[CH]CC1,[H]
115,CCC1CCCC1,CC[C]1CCCC1,[H]
116,CC1CCCCC1,C[C]1CCCCC1,[H]
117,C1CCCCCC1,C1CCC[CH]CC1,[H]
118,[C@@H]12[C@@H]3[C@@H]4[C@H]1[C@H]5[C@@H]4[C@@H]3[C@H]52,[C]12[C@@H]3[C@@H]4[C@H]1[C@H]5C4[C@@H]3[C@H]52,[H]
119,C/C(C)=C1C=CC=C/1,C/C([C]([H])[H])=C1C=CC=C/1,[H]
120,C1=CC=CC2(CC2)C1,C1=CC=CC2(CC2)[CH]1,[H]
121,CC1=CCC=C(C)C1,CC1=C[CH]C=C(C)C1,[H]
122,C1C/C=C\CC/C=C\1,C1C/C=C\C[CH]/C=C\1,[H]
124,C=CC1CCCCC1,C=C[C]1CCCCC1,[H]
125,C1CC/C=C\CCC1,C1CC/C=C\[CH]CC1,[H]
126,C1(CC2)CCC2CC1,C1(CC2)CC[C]2CC1,[H]
127,CC1CC=CCC1C,CC1CC=C[CH]C1C,[H]
128,C[C@@H]1CC[C@@H](C)CC1,C[C]1CCC(C)CC1,[H]
130,C[C@@H]1CC[C@H](C)CC1,C[C]1CCC(C)CC1,[H]
131,C[C@@H]1CCC[C@@H](C)C1,C[C]1CCC[C@@H](C)C1,[H]
132,C[C@@H]1CCC[C@H](C)C1,C[C]1CCC[C@H](C)C1,[H]
135,CCC1CCCCC1,CC[C]1CCCCC1,[H]
136,CC(C1(C2)CC2C1)(C)C,CC(C1(C2)C[C]2C1)(C)C,[H]
137,C1CCCCCCCC1,C1CCCC[CH]CCC1,[H]
138,CC1CCCCCCC1,C[C]1CCCCCCC1,[H]
139,CCC1CCCCCC1,CC[C]1CCCCCC1,[H]
140,C1(C2=CC=CC=C2)=CCC1,C1(C2=CC=CC=C2)=CC[CH]1,[H]
141,C1(CC2C3)CC3CC(C2)C1,[C@@H]1(C[C@H]2C3)C[C@H]3C[C@H]([CH]2)C1,[H]
142,C1(CC2C3)CC3CC(C2)C1,[C@@H]1(C[C]2C3)C[C@H]3C[C@H](C2)C1,[H]
143,CC1=C(C)C(C)C(C)=C1C,CC1=C(C)[C](C)C(C)=C1C,[H]
144,[C@@H]12CCCCC1CCCC2,[C@@H]12CCCCC1CCC[CH]2,[H]
145,C1(C2CCCC2)CCCC1,[C]1(C2CCCC2)CCCC1,[H]
146,CC1(C)C2C(C)CCC1C2,CC1(C)C2[C](C)CCC1C2,[H]
147,CCC1CCCCCCC1,CC[C]1CCCCCCC1,[H]
148,C1CCCCCCCCC1,C1CCCC[CH]CCCC1,[H]
149,CC1CCCCCCCC1,C[C]1CCCCCCCC1,[H]
150,C1(C2=CC=CC=C2)CCCC1,[C]1(C2=CC=CC=C2)CCCC1,[H]
151,C1CCCCCCCCCC1,C1CCCCC[CH]CCCC1,[H]
152,C1(C2=CC=CC=C2)CCCCC1,[C]1(C2=CC=CC=C2)CCCCC1,[H]
153,C1(C2CCCCC2)CCCCC1,[C]1(C2CCCCC2)CCCCC1,[H]
156,C1(C2=CC=CC=C2)=CC(C3=CC=CC=C3)C=C1,C1(C2=CC=CC=C2)=C[C](C3=CC=CC=C3)C=C1,[H]
159,C12=CC=CC=C1C2,C12=CC=CC=C1[CH]2,[H]
160,CC1=CC=CC=C1,[CH2]C1=CC=CC=C1,[H]
161,CC1=CC=CC=C1,CC1=CC=[C]C=C1,[H]
162,C=C1C=CCC=C1,C=C1C=C[CH]C=C1,[H]
163,C12=CC=CC=C1C=C2,C12=CC=CC=C1[C]=C2,[H]
165,C12=CC=CC=C1CC2,C12=CC=CC=C1[CH]C2,[H]
166,CCC1=CC=CC=C1,C[CH]C1=CC=CC=C1,[H]
167,CC1=CC=CC=C1C,[CH2]C1=CC=CC=C1C,[H]
168,CC1=CC=C(C)C=C1,CC1=CC=C([CH2])C=C1,[H]
174,CC1=CC=C(C#N)C=C1,[CH2]C1=CC=C(C#N)C=C1,[H]
176,C1(C2CC2)=CC=CC=C1,C1([C]2CC2)=CC=CC=C1,[H]
178,C12=CC=CC=C1CCC2,C12=CC=CC=C1[CH]CC2,[H]
179,CCCC1=CC=CC=C1,CC[CH]C1=CC=CC=C1,[H]
180,CC1=CC=C(CC)C=C1,[CH2]C1=CC=C(CC)C=C1,[H]
182,CC(C)C1=CC=CC=C1,C[C](C)C1=CC=CC=C1,[H]
184,CC1=CC=CC(C)=C1C,CC1=CC=CC([CH2])=C1C,[H]
185,O=C(C1=CC=CC=C1)O,O=C(C1=CC=[C]C=C1)O,[H]
186,O=C(C1=CC=CC=C1)O,O=C(C1=CC=C[C]=C1)O,[H]
187,O=C(C1=CC=CC=C1)O,O=C(C1=CC=CC=[C]1)O,[H]
189,CC1=CC=C(OC)C=C1,[CH2]C1=CC=C(OC)C=C1,[H]
190,O=[N+](C1=CC=CC=C1)[O-],O=[N+](C1=CC=[C]C=C1)[O-],[H]
193,C12=CC=CC=C1C=CC=C2,C12=CC=CC=C1C=[C]C=C2,[H]
194,C12=CC=CC=C1C=CC=C2,C12=CC=CC=C1[C]=CC=C2,[H]
195,C12=CC=CC=C1C=CCC2,C12=CC=CC=C1C=C[CH]C2,[H]
196,CC1=CCC2=C1C=CC=C2,CC1=C[CH]C2=C1C=CC=C2,[H]
197,C1(CC=CC2)=C2C=CC=C1,C1(CC=C[CH]2)=C2C=CC=C1,[H]
198,C1(C2=CC=CC=C2)=CCC1,C1(C2=CC=CC=C2)=C[CH]C1,[H]
199,C12=CC=CC=C1CCCC2,C12=CC=CC=C1[CH]CCC2,[H]
200,CC1=CC=C(CCC)C=C1,[CH2]C1=CC=C(CCC)C=C1,[H]
201,CC(C)(C)C1=CC=CC=C1,[CH2]C(C)(C)C1=CC=CC=C1,[H]
206,CC1=CC([N+]([O-])=O)=CC=C1,[CH2]C1=CC([N+]([O-])=O)=CC=C1,[H]
207,CC1=CC=C([N+]([O-])=O)C=C1,[CH2]C1=CC=C([N+]([O-])=O)C=C1,[H]
208,N#CC1=CCC2=CC=CC=C21,N#CC1=C[CH]C2=CC=CC=C21,[H]
210,CC1=CC=CC2=CC=CC=C21,[CH2]C1=CC=CC2=CC=CC=C21,[H]
211,C=C1C=CCC2=C1C=CC=C2,C=C1C=C[CH]C2=C1C=CC=C2,[H]
212,COC1=CCC2=C1C=CC=C2,COC1=C[CH]C2=C1C=CC=C2,[H]
213,C1(C=CC2)=C2C=CC=C1,C1(C=C[CH]2)=C2C=CC=C1,[H]
214,CC1CCCC2=C1C=CC=C2,C[C]1CCCC2=C1C=CC=C2,[H]
215,COC(C#N)C1=CC=CC=C1,CO[C](C#N)C1=CC=CC=C1,[H]
217,CC1=CC=C(C(C)(C)C)C=C1,[CH2]C1=CC=C(C(C)(C)C)C=C1,[H]
218,C1(C=C2)=CC=CC3=C1C2=CC=C3,C1(C=[C]2)=CC=CC3=C1C2=CC=C3,[H]
221,CC1=CC(C=CC(C)=C2)=C2C=C1,CC1=CC(C=CC([CH2])=C2)=C2C=C1,[H]
223,CCC1=CC=CC2=C1C=CC=C2,C[CH]C1=CC=CC2=C1C=CC=C2,[H]
224,CC1=CC=CC2=C1C=CC=C2C,CC1=CC=CC2=C1C=CC=C2[CH2],[H]
225,CC1=CC2=C(C=C1C)C=CC=C2,[CH2]C1=CC2=C(C=C1C)C=CC=C2,[H]
226,C12C=CC=C(CC3)C1=C3CCC2,C12C=CC=C(C[CH]3)C1=C3CCC2,[H]
228,O=C(C1=CCC2=C1C=CC=C2)N,O=C(C1=C[CH]C2=C1C=CC=C2)N,[H]
231,CC(C1C)CCC2=C1C=CC=C2,CC([C]1C)CCC2=C1C=CC=C2,[H]
232,CC1=C(C)C(C)=C(C)C(C)=C1C,CC1=C(C)C(C)=C([CH2])C(C)=C1C,[H]
233,CCC1=CC=C(C(C)(C)C)C=C1,C[CH]C1=CC=C(C(C)(C)C)C=C1,[H]
235,CC1=CC=CC(C(OCC)=O)=C1,[CH2]C1=CC=CC(C(OCC)=O)=C1,[H]
236,CCC1=CC=C(C(OC)=O)C=C1,C[CH]C1=CC=C(C(OC)=O)C=C1,[H]
237,N#CCC1=CC=CC2=CC=CC=C21,N#C[CH]C1=CC=CC2=CC=CC=C21,[H]
239,C12=CC=CC=C1CC3=C2C=CC=C3,C12=CC=CC=C1[CH]C3=C2C=CC=C3,[H]
240,COC(OC)C1=CC=C(C)C=C1,COC(OC)C1=CC=C([CH2])C=C1,[H]
241,N#CCC1=CC2=CC=CC=C2C=C1,N#C[CH]C1=CC2=CC=CC=C2C=C1,[H]
242,CC1=CC2=CC=CC(CC3)=C2C3=C1,[CH2]C1=CC2=CC=CC(CC3)=C2C3=C1,[H]
244,C1(CC2=CC=CC=C2)=CC=CC=C1,C1([CH]C2=CC=CC=C2)=CC=CC=C1,[H]
248,CC(C1=CCC2=C1C=CC=C2)(C)C,CC(C1=C[CH]C2=C1C=CC=C2)(C)C,[H]
249,C12=CC=CC=C1CC3C2CCCC3,C12=CC=CC=C1[CH]C3C2CCCC3,[H]
250,O=C(C1=CCC2=C1C=CC=C2)OC,O=C(C1=C[CH]C2=C1C=CC=C2)OC,[H]
251,O=C(C(C1)=CC2=C1C=CC=C2)OC,O=C(C([CH]1)=CC2=C1C=CC=C2)OC,[H]
252,CC1=CC(C)=C(CCCC2C)C2=C1,CC1=CC(C)=C(CCC[C]2C)C2=C1,[H]
253,CC1=CCC2=C1C=CC([N+]([O-])=O)=C2,CC1=C[CH]C2=C1C=CC([N+]([O-])=O)=C2,[H]
254,CC(C)C1=CC=C(C(C)(C)C)C=C1,C[C](C)C1=CC=C(C(C)(C)C)C=C1,[H]
255,C1(CC(C=CC=C2)=C2C3)=C3C=CC=C1,C1(CC(C=CC=C2)=C2[CH]3)=C3C=CC=C1,[H]
257,C1(C(C=CC=C2)=C2CC3)=C3C=CC=C1,C1(C(C=CC=C2)=C2[CH]C3)=C3C=CC=C1,[H]
258,CC(C1=CC=CC=C1)C2=CC=CC=C2,C[C](C1=CC=CC=C1)C2=CC=CC=C2,[H]
259,C1(CCC2=CC=CC=C2)=CC=CC=C1,C1([CH]CC2=CC=CC=C2)=CC=CC=C1,[H]
261,OC1=CC=C(CC2=CC=CC=C2)C=C1,OC1=CC=C([CH]C2=CC=CC=C2)C=C1,[H]
262,CC1=CC=C(OC2=CC=CC=C2)C=C1,[CH2]C1=CC=C(OC2=CC=CC=C2)C=C1,[H]
263,C1(C(N2CCCC2)=CC3)=C3C=CC=C1,C1(C(N2CCCC2)=C[CH]3)=C3C=CC=C1,[H]
264,C1(C=C(N2CCCC2)C3)=C3C=CC=C1,C1(C=C(N2CCCC2)[CH]3)=C3C=CC=C1,[H]
265,C1(C2)=C(C(C2=CC=C3)=C3C=C4)C4=CC=C1,C1([CH]2)=C(C(C2=CC=C3)=C3C=C4)C4=CC=C1,[H]
266,CC1=C(C(C)C)C(C)=CC(C(C)C)=C1,CC1=C([C](C)C)C(C)=CC(C(C)C)=C1,[H]
267,N#CC1C2=C(C=CC=C2)C3=CC=CC=C31,N#C[C]1C2=C(C=CC=C2)C3=CC=CC=C31,[H]
268,N#CC1=CC2=C(C=C1)C3=CC=CC=C3C2,N#CC1=CC2=C(C=C1)C3=CC=CC=C3[CH]2,[H]
270,CC1=CC2=C(C3=C1C=CC=C3)C=CC=C2,[CH2]C1=CC2=C(C3=C1C=CC=C3)C=CC=C2,[H]
271,C=C1C2=C(C=CC=C2)CC3=CC=CC=C31,C=C1C2=C(C=CC=C2)[CH]C3=CC=CC=C31,[H]
272,C1(C(C2=CC=CC=C2)=CC3)=C3C=CC=C1,C1(C(C2=CC=CC=C2)=C[CH]3)=C3C=CC=C1,[H]
273,CCC1C2=C(C=CC=C2)C3=CC=CC=C31,CC[C]1C2=C(C=CC=C2)C3=CC=CC=C31,[H]
274,COC1=CC2=C(C=C1)C3=CC=CC=C3C2,COC1=CC2=C(C=C1)C3=CC=CC=C3[CH]2,[H]
275,COC1C2=C(C=CC=C2)C3=CC=CC=C31,CO[C]1C2=C(C=CC=C2)C3=CC=CC=C31,[H]
276,C1(C=C(N2CCCCC2)C3)=C3C=CC=C1,C1(C=C(N2CCCCC2)[CH]3)=C3C=CC=C1,[H]
277,C1(C(N2CCCCC2)=CC3)=C3C=CC=C1,C1(C(N2CCCCC2)=C[CH]3)=C3C=CC=C1,[H]
278,OC1=CC=C(CC2=CC=C(O)C=C2)C=C1,OC1=CC=C([CH]C2=CC=C(O)C=C2)C=C1,[H]
279,C1(C(N2CCOCC2)=CC3)=C3C=CC=C1,C1(C(N2CCOCC2)=C[CH]3)=C3C=CC=C1,[H]
280,C1(C=C(N2CCOCC2)C3)=C3C=CC=C1,C1(C=C(N2CCOCC2)[CH]3)=C3C=CC=C1,[H]
284,CC1=C(C=CC=C2)C2=C(C)C3=C1C=CC=C3,CC1=C(C=CC=C2)C2=C([CH2])C3=C1C=CC=C3,[H]
285,CC1C2=C(C=CC=C2)C(C)C3=C1C=CC=C3,C[C]1C2=C(C=CC=C2)C(C)C3=C1C=CC=C3,[H]
286,CCCC1C2=C(C=CC=C2)C3=C1C=CC=C3,CCC[C]1C2=C(C=CC=C2)C3=C1C=CC=C3,[H]
287,CN(C)C1=CC(C2)=C(C=C1)C3=C2C=CC=C3,CN(C)C1=CC([CH]2)=C(C=C1)C3=C2C=CC=C3,[H]
288,CN(C)C1C2=C(C=CC=C2)C3=C1C=CC=C3,CN(C)[C]1C2=C(C=CC=C2)C3=C1C=CC=C3,[H]
289,CCOC1C2=C(C=CC=C2)C3=C1C=CC=C3,CCO[C]1C2=C(C=CC=C2)C3=C1C=CC=C3,[H]
290,O=[N+](C1=CC(C2)=C(C=C1)C3=C2C=CC=C3)[O-],O=[N+](C1=CC([CH]2)=C(C=C1)C3=C2C=CC=C3)[O-],[H]
292,C1(C(C=C(C=CC=C2)C2=C3)=C3C4)=C4C=CC=C1,C1(C(C=C(C=CC=C2)C2=C3)=C3[CH]4)=C4C=CC=C1,[H]
293,C1(C(C=CC2=C3C=CC=C2)=C3C4)=C4C=CC=C1,C1(C(C=CC2=C3C=CC=C2)=C3[CH]4)=C4C=CC=C1,[H]
294,C12=CC=CC3=C1C(CC4=C2C=CC=C4)=CC=C3,C12=CC=CC3=C1C([CH]C4=C2C=CC=C4)=CC=C3,[H]
295,N#CCC1=C2C(C=CC=C2)=CC3=CC=CC=C31,N#C[CH]C1=C2C(C=CC=C2)=CC3=CC=CC=C31,[H]
296,CC1=C2C(C=CC=C2)=C(C#N)C3=CC=CC=C31,[CH2]C1=C2C(C=CC=C2)=C(C#N)C3=CC=CC=C31,[H]
297,CC1=C2C(C=CC=C2)=C(C=O)C3=CC=CC=C31,[CH2]C1=C2C(C=CC=C2)=C(C=O)C3=CC=CC=C31,[H]
298,CC1=C2C(C=CC=C2)=C(OC)C3=CC=CC=C31,[CH2]C1=C2C(C=CC=C2)=C(OC)C3=CC=CC=C31,[H]
299,COC(C=C1)=CC=C1C(C2)=CC3=C2C=CC=C3,COC(C=C1)=CC=C1C([CH]2)=CC3=C2C=CC=C3,[H]
300,COCC1=C2C(C=CC=C2)=CC3=C1C=CC=C3,CO[CH]C1=C2C(C=CC=C2)=CC3=C1C=CC=C3,[H]
301,CC(C1C2=C(C=CC=C2)C3=C1C=CC=C3)(C)C,CC([C]1C2=C(C=CC=C2)C3=C1C=CC=C3)(C)C,[H]
304,CC(OC1C2=C(C=CC=C2)C3=C1C=CC=C3)C,CC(O[C]1C2=C(C=CC=C2)C3=C1C=CC=C3)C,[H]
308,C1(C(C=CC=C2)=C2C3N4CCCC4)=C3C=CC=C1,C1(C(C=CC=C2)=C2[C]3N4CCCC4)=C3C=CC=C1,[H]
309,CC(CC1C2=C(C=CC=C2)C3=C1C=CC=C3)(C)C,CC(C[C]1C2=C(C=CC=C2)C3=C1C=CC=C3)(C)C,[H]
314,CC(OC1C2=C(C=CC=C2)C3=C1C=CC=C3)(C)C,CC(O[C]1C2=C(C=CC=C2)C3=C1C=CC=C3)(C)C,[H]
315,CC(C1C2=C(C=CC=C2)C3=C1C=CC=C3)C,CC([C]1C2=C(C=CC=C2)C3=C1C=CC=C3)C,[H]
318,CC1=CC=CC2=C1C3=CC4=CC=CC=C4C=C3C=C2,[CH2]C1=CC=CC2=C1C3=CC4=CC=CC=C4C=C3C=C2,[H]
319,C1(C(C=CC=C2)=C2C3C4=CC=CC=C4)=C3C=CC=C1,C1(C(C=CC=C2)=C2[C]3C4=CC=CC=C4)=C3C=CC=C1,[H]
323,CCC1=C(CC)C(CC)=C(CC)C(CC)=C1CC,C[CH]C1=C(CC)C(CC)=C(CC)C(CC)=C1CC,[H]
329,CCC(C1C2=C(C=CC=C2)C3=C1C=CC=C3)C,CCC([C]1C2=C(C=CC=C2)C3=C1C=CC=C3)C,[H]
333,C1(C(C=CC=C2)=C2C3CC4=CC=CC=C4)=C3C=CC=C1,C1(C(C=CC=C2)=C2[C]3CC4=CC=CC=C4)=C3C=CC=C1,[H]
335,C1(C(C=CC=C2)=C2C3OC4=CC=CC=C4)=C3C=CC=C1,C1(C(C=CC=C2)=C2[C]3OC4=CC=CC=C4)=C3C=CC=C1,[H]
337,CC(N(C(C)C)C1C2=C(C=CC=C2)C3=C1C=CC=C3)C,CC(N(C(C)C)[C]1C2=C(C=CC=C2)C3=C1C=CC=C3)C,[H]
339,CN(C1=CC=CC=C1)C2C3=C(C=CC=C3)C4=C2C=CC=C4,CN(C1=CC=CC=C1)[C]2C3=C(C=CC=C3)C4=C2C=CC=C4,[H]
343,COC1=CC=C(C(C2=CC=CC=C2)C3=CC=CC=C3)C=C1,COC1=CC=C([C](C2=CC=CC=C2)C3=CC=CC=C3)C=C1,[H]
344,COC1=CC=CC(C(C2=CC=CC=C2)C3=CC=CC=C3)=C1,COC1=CC=CC([C](C2=CC=CC=C2)C3=CC=CC=C3)=C1,[H]
345,CC(CC1(C)C)(C)N1C2C3=C(C=CC=C3)C4=C2C=CC=C4,CC(CC1(C)C)(C)N1[C]2C3=C(C=CC=C3)C4=C2C=CC=C4,[H]
346,CC(CCCC1C)N1C2C3=C(C=CC=C3)C4=C2C=CC=C4,CC(CCCC1C)N1[C]2C3=C(C=CC=C3)C4=C2C=CC=C4,[H]
349,C1(C=C(C=CC=C2)C2=C3COC4=CC=CC=C4)=C3C=CC=C1,C1(C=C(C=CC=C2)C2=C3[CH]OC4=CC=CC=C4)=C3C=CC=C1,[H]
350,CN(CC1=CC=CC=C1)C2C3=C(C=CC=C3)C4=C2C=CC=C4,CN(CC1=CC=CC=C1)[C]2C3=C(C=CC=C3)C4=C2C=CC=C4,[H]
353,O=C(CC1=C2C(C=CC=C2)=CC3=C1C=CC=C3)C4=CC=CC=C4,O=C([CH]C1=C2C(C=CC=C2)=CC3=C1C=CC=C3)C4=CC=CC=C4,[H]
365,COC(C=C1)=CC=C1C(C2=CC=C(OC)C=C2)C3=CC=C(OC)C=C3,COC(C=C1)=CC=C1[C](C2=CC=C(OC)C=C2)C3=CC=C(OC)C=C3,[H]
435,CCCC,C[CH2],C[CH2]
441,CC(C)CC,C[CH]C,C[CH2]
445,CCC1CCC1,C1C[CH]C1,[CH2]C
447,CCCC(C)C,C[CH2],[CH2]C(C)C
449,CCC(C)(C)C,C[C](C)C,C[CH2]
451,CC(C(C)C)C,C[CH]C,C[CH]C
453,CCCCCC,[CH2]C,CCC[CH2]
455,CCC(C)CC,CC[CH]C,[CH2]C
458,CCC1CCCC1,C1C[CH]CC1,C[CH2]
459,CC(C)CC(C)C,C[CH]C,[CH2]C(C)C
460,CC(C(C)(C)C)C,C[CH]C,C[C](C)C
464,CCC(CC)CC,CC[CH]CC,[CH2]C
465,CCC(CC)(C)C,CC[C](C)C,C[CH2]
466,CC(C)CCCC,C[CH]C,[CH2]CCC
470,CC(C)C(C)CC,C[CH]C,C[CH]CC
472,CCC1CCCCC1,C1CCC[CH]C1,C[CH2]
473,CC(C)(CCCC)C,C[C](C)C,CCC[CH2]
475,CCCCCCCC,CCC[CH2],CCC[CH2]
476,CCCCCCCC,C[CH2],CCCCC[CH2]
477,CC(C)C(C)(C)CC,C[CH]C,CC[C](C)C
478,CC(C)CC(C)(C)C,C[CH]C,[CH2]C(C)(C)C
479,CC(C)(CCCC)C,[CH2]CCC,C[C](C)C
480,CCC(C(C)C)CC,CC[CH]CC,C[CH]C
482,CC(C)C(C)CCC,C[CH]C,CCC[CH]C
484,CC(C)CCCCC,CC(C)[CH2],[CH2]CCC
485,CCC(CC(C)C)C,C[CH]CC,CC(C)[CH2]
486,CC(C)(CC(C)C)C,C[C](C)C,CC(C)[CH2]
487,CCC(C(C)CC)C,C[CH]CC,C[CH]CC
488,CC(C)(C(C)CC)C,C[C](C)C,C[CH]CC
489,CC(C)(C(C)(C)C)C,C[C](C)C,C[C](C)C
490,CC(C)C(C)(C)CC,C[CH]C,CC[C](C)C
491,CC(CCC(C)C)C,CC(C)[CH2],CC(C)[CH2]
494,CCCCCC(C)(C)C,CCC[CH2],[CH2]C(C)(C)C
495,CC(CCC(C)(C)C)C,CC(C)[CH2],[CH2]C(C)(C)C
497,CC(CC(C)(C)C)(C)C,C[C](C)C,CC(C)([CH2])C
499,CC(CCCC)CCCC,[CH2]CCC,C[CH]CCCC
500,CCCCCCCC(C)C,CCCCC[CH2],CC(C)[CH2]
503,CCC1(C2)C[C@@H](C[C@@H]2C3)C[C@@H]3C1,[C@@H]12C[C@H](C[C@@H]3C2)C[C](C3)C1,C[CH2]
504,C1(C2CCCCC2)CCCCC1,C1CCC[CH]C1,C1CCC[CH]C1
505,CCCCCCCCCCCC,CCCCC[CH2],CCCCC[CH2]
517,C=CC=C,C=[CH],C=[CH]
521,C=C/C=C/C,C=[CH],[CH]=CC
524,C=C(C)C=C,C=[C]C,[CH]=C
526,C=CCC=C,C=C[CH2],C=[CH]
527,C=C/C=C\C,C=[CH],CC=[CH]
531,C=CCCC=C,C=C[CH2],C=C[CH2]
534,C=C(C)CCC,C=C(C)[CH2],C[CH2]
535,C=CC(C)CC,C=C[CH]C,C[CH2]
536,C=CCC(C)C,C=[CH],[CH2]C(C)C
537,C=CCC(C)C,C=C[CH2],C[CH]C
538,C/C=C/C(C)C,CC=[CH],C[CH]C
539,C/C=C\C(C)C,CC=[CH],C[CH]C
540,C=CC(C)(C)C,C=[CH],C[C](C)C
541,C=C(C)C(C)C,C=[C]C,C[CH]C
543,C=CCCCC,[CH2]CCC,C=[CH]
548,C=CCCCCC,[CH2]CCC,C=C[CH2]
549,CC(C)CCC=C,[CH2]C=C,CC(C)[CH2]
550,CC(C)CC(C)=C,C[CH]C,[CH2]C(C)=C
552,C/C=C/C(C)(C)C,C[C](C)C,CC=[CH]
553,CC(C)(C)/C=C\C,C[C](C)C,CC=[CH]
554,C=CC1CCCCC1,C1[CH]CCCC1,C=[CH]
557,CC(C)(C)CC(C)=C,C[C](C)C,[CH2]C(C)=C
568,CCCC1=CC=CC=C1,[CH2]C1=CC=CC=C1,C[CH2]
574,C#CCCC1=CC=CC=C1,[CH2]C1=CC=CC=C1,[CH2]C#C
577,C=CCCC1=CC=CC=C1,[CH2]C=C,[CH2]C1=CC=CC=C1
579,CC(CC)C1=CC=CC=C1,C[CH]C1=CC=CC=C1,C[CH2]
581,CC(C)CC1=CC=CC=C1,C[CH]C,[CH2]C1=CC=CC=C1
596,C1(CCC2=CC=CC=C2)=CC=CC=C1,[CH2]C1=CC=CC=C1,[CH2]C1=CC=CC=C1
599,CC(C)C(C1=CC=CC=C1)C2=CC=CC=C2,C[CH]C,C1([CH]C2=CC=CC=C2)=CC=CC=C1
639,OCC(C)C,O[CH2],C[CH]C
641,NCC(O)=O,N[CH2],O[C]=O
642,OCC(O)=O,O[CH2],O[C]=O
643,CC(O)CO,O[CH2],C[CH]O
646,C=CC(OC)=O,C=[CH],O=[C]OC
647,CC(C(C)=O)=O,C[C]=O,C[C]=O
648,CC(C)C(C)=O,C[CH]C,C[C]=O
650,CCCCC=O,CCC[CH2],O=[CH]
653,CCCC(O)=O,C[CH2],[CH2]C(O)=O
655,CC(C(C)O)C,C[CH]C,C[CH]O
656,OCC(C)(C)C,C[C](C)C,O[CH2]
658,CCCCCO,CCC[CH2],O[CH2]
659,CCOCCC,CCO[CH2],C[CH2]
660,CC(CO)CC,CC[CH]C,O[CH2]
661,CC(N)C(O)=O,C[CH]N,O[C]=O
662,CNCC(O)=O,CN[CH2],O[C]=O
663,NCCC(O)=O,N[CH2],[CH2]C(O)=O
664,OC(C(O)=O)=O,O[C]=O,O[C]=O
665,OCC(OC)=O,O[CH2],CO[C]=O
666,CC(C(C)O)O,C[CH]O,C[CH]O
667,COCCOC,CO[CH2],CO[CH2]
674,CCC(C(C)=O)=O,C[C]=O,CC[C]=O
675,CC(CC(C)=O)=O,C[C]=O,CC([CH2])=O
676,CCC(C(C)C)=O,C[CH]C,CC[C]=O
680,O=C(C)C(C)(C)C,C[C](C)C,C[C]=O
681,CCCCC(O)=O,C[C](C)C,O[C]=O
682,CCCCC(O)=O,CCC[CH2],O[C]=O
683,CC(CC(O)=O)C,O=[C]O,CC([CH2])C
693,CCC(C(C)(C)C)=O,C[C](C)C,CC[C]=O
694,O=CCCCCCC,CCCCC[CH2],O=[CH]
695,OC(C1CCCN1)=O,N1CCC[CH]1,O=[C]O
697,CCCCCCCO,CCCCC[CH2],O[CH2]
698,COC(C(OC)=O)=O,CO[C]=O,CO[C]=O
699,OC(CCC(O)=O)=O,OC([CH2])=O,OC([CH2])=O
707,O=C(O)CCCCCC,CCCCC[CH2],O[C]=O
709,O=C(C)CC1=CC=CC=C1,[CH2]C1=CC=CC=C1,O=[C]C
710,O=C(CC)C1=CC=CC=C1,O=[C]C1=CC=CC=C1,C[CH2]
712,O=C(O)CC1=CC=CC=C1,[CH2]C1=CC=CC=C1,O[C]=O
716,OC(C(C)C(C)C(O)=O)=O,OC([CH]C)=O,OC([CH]C)=O
718,CC(C(OC)=O)C1=CC=CC=C1,O=[C]OC,C[CH]C1=CC=CC=C1
719,O=C(C1=CC=CC2=CC=CC=C21)O,O=[C]O,C12=CC=CC=C1[C]=CC=C2
720,O=C(C1=CC2=CC=CC=C2C=C1)O,O=[C]O,C12=CC=CC=C1C=[C]C=C2
726,O=C(C(C1=CC=CC=C1)=O)C2=CC=CC=C2,O=[C]C1=CC=CC=C1,O=[C]C1=CC=CC=C1
761,O=C(O)CN,N[CH2],O=[C]O
